{
  "target_color": "yellow",
  "instruction": "grasp the yellow cylinder",
  "seed": 2,
  "num_steps": 120,
  "target_x": 0.0628451481461525,
  "target_y": 0.16827243566513062,
  "first_close_step": 26,
  "final_xy_error": 0.021725535305520127,
  "xy_error_at_close": 0.016727020764034994,
  "target_z_initial": 0.009977083653211594,
  "target_z_final": 0.009725168347358704,
  "object_lift_delta": -0.00025191530585289,
  "strict_lift_success": false,
  "stop_reason": "max_steps",
  "invalid_success_reason": "",
  "max_valid_lift_delta": 0.08,
  "max_final_xy_error_for_success": 0.05,
  "gate_close_by_xy": true,
  "close_xy_threshold": 0.017,
  "total_xy_move": 0.20689064358936896,
  "post_close_lift_delta": -0.00025191530585289,
  "retry_sum": 0,
  "post_close_positive_z_steps": 47
}