{
  "target_color": "yellow",
  "instruction": "grasp the yellow cylinder",
  "seed": 2,
  "num_steps": 120,
  "target_x": 0.0628451481461525,
  "target_y": 0.16827243566513062,
  "first_close_step": 23,
  "final_xy_error": 0.011166885339621301,
  "xy_error_at_close": 0.01841241202502485,
  "target_z_initial": 0.009977083653211594,
  "target_z_final": 0.011499492451548576,
  "object_lift_delta": 0.0015224087983369827,
  "strict_lift_success": false,
  "stop_reason": "max_steps",
  "invalid_success_reason": "",
  "max_valid_lift_delta": 0.08,
  "max_final_xy_error_for_success": 0.05,
  "gate_close_by_xy": true,
  "close_xy_threshold": 0.02,
  "total_xy_move": 0.1797142907109388,
  "post_close_lift_delta": 0.0015489514917135239,
  "retry_sum": 0,
  "post_close_positive_z_steps": 67
}