{
  "target_color": "blue",
  "instruction": "grasp the blue cylinder",
  "seed": 1,
  "num_steps": 90,
  "target_x": -0.015334710478782654,
  "target_y": 0.23449324071407318,
  "first_close_step": 18,
  "final_xy_error": 0.03598294990921508,
  "xy_error_at_close": 0.039253808075651216,
  "target_z_initial": 0.009977083653211594,
  "target_z_final": 0.009977083653211594,
  "object_lift_delta": 0.0,
  "strict_lift_success": false,
  "stop_reason": "max_steps",
  "total_xy_move": 0.15969432227097632,
  "post_close_lift_delta": 0.0,
  "retry_sum": 0,
  "post_close_positive_z_steps": 0
}