{
  "target_color": "green",
  "instruction": "grasp the green cylinder",
  "seed": 0,
  "num_steps": 90,
  "target_x": -0.09180529415607452,
  "target_y": 0.16148748993873596,
  "first_close_step": 20,
  "final_xy_error": 0.041136313596722915,
  "xy_error_at_close": 0.034809594201053784,
  "target_z_initial": 0.00998150184750557,
  "target_z_final": 0.011784055270254612,
  "object_lift_delta": 0.0018025534227490425,
  "strict_lift_success": false,
  "stop_reason": "max_steps",
  "total_xy_move": 0.19157092633054892,
  "post_close_lift_delta": 0.0020705685019493103,
  "retry_sum": 0,
  "post_close_positive_z_steps": 33
}