{
  "target_color": "green",
  "instruction": "grasp the green cylinder",
  "seed": 1,
  "num_steps": 87,
  "target_x": 0.009918737225234509,
  "target_y": 0.16248032450675964,
  "first_close_step": 36,
  "final_xy_error": 0.01665205671182021,
  "xy_error_at_close": 0.012261069079435775,
  "target_z_initial": 0.009977083653211594,
  "target_z_final": 0.021525833755731583,
  "object_lift_delta": 0.011548750102519989,
  "strict_lift_success": true,
  "stop_reason": "lift_success",
  "total_xy_move": 0.06760693034904332,
  "post_close_lift_delta": 0.011548750102519989,
  "retry_sum": 0,
  "post_close_positive_z_steps": 26
}