{
  "target_color": "green",
  "instruction": "grasp the green cylinder",
  "seed": 2,
  "num_steps": 90,
  "target_x": -0.08897067606449127,
  "target_y": 0.18474724888801575,
  "first_close_step": 19,
  "final_xy_error": 0.018882919676738358,
  "xy_error_at_close": 0.01663854349117456,
  "target_z_initial": 0.009977083653211594,
  "target_z_final": 0.009782157838344574,
  "object_lift_delta": -0.00019492581486701965,
  "strict_lift_success": false,
  "stop_reason": "max_steps",
  "total_xy_move": 0.21662922436524248,
  "post_close_lift_delta": -0.0001924857497215271,
  "retry_sum": 0,
  "post_close_positive_z_steps": 60
}