{
  "target_color": "red",
  "instruction": "grasp the red cylinder",
  "seed": 0,
  "num_steps": 90,
  "target_x": 0.08255111426115036,
  "target_y": 0.21459722518920898,
  "first_close_step": 38,
  "final_xy_error": 0.03179511354486664,
  "xy_error_at_close": 0.020518583060131667,
  "target_z_initial": 0.009977083653211594,
  "target_z_final": 0.009977034293115139,
  "object_lift_delta": -4.936009645462036e-08,
  "strict_lift_success": false,
  "stop_reason": "max_steps",
  "total_xy_move": 0.19859542848363002,
  "post_close_lift_delta": -4.936009645462036e-08,
  "retry_sum": 0,
  "post_close_positive_z_steps": 0
}