{
  "target_color": "red",
  "instruction": "grasp the red cylinder",
  "seed": 2,
  "num_steps": 90,
  "target_x": 0.012453132309019566,
  "target_y": 0.17350560426712036,
  "first_close_step": 35,
  "final_xy_error": 0.015514169761641095,
  "xy_error_at_close": 0.004275490670868171,
  "target_z_initial": 0.009977083653211594,
  "target_z_final": 0.010381938889622688,
  "object_lift_delta": 0.00040485523641109467,
  "strict_lift_success": false,
  "stop_reason": "max_steps",
  "total_xy_move": 0.07814982292583529,
  "post_close_lift_delta": 0.00040485523641109467,
  "retry_sum": 0,
  "post_close_positive_z_steps": 22
}