{
  "target_color": "yellow",
  "instruction": "grasp the yellow cylinder",
  "seed": 1,
  "num_steps": 90,
  "target_x": 0.057685740292072296,
  "target_y": 0.18728753924369812,
  "first_close_step": 18,
  "final_xy_error": 0.004430091033038414,
  "xy_error_at_close": 0.012050821820112327,
  "target_z_initial": 0.009977083653211594,
  "target_z_final": 0.01102550607174635,
  "object_lift_delta": 0.0010484224185347557,
  "strict_lift_success": false,
  "stop_reason": "max_steps",
  "total_xy_move": 0.14558228587187125,
  "post_close_lift_delta": 0.0010484224185347557,
  "retry_sum": 0,
  "post_close_positive_z_steps": 9
}