{
  "target_color": "yellow",
  "instruction": "grasp the yellow cylinder",
  "seed": 2,
  "num_steps": 90,
  "target_x": 0.0628451481461525,
  "target_y": 0.16827243566513062,
  "first_close_step": 17,
  "final_xy_error": 0.012616506754710136,
  "xy_error_at_close": 0.02119150019957273,
  "target_z_initial": 0.009977083653211594,
  "target_z_final": 0.009994234889745712,
  "object_lift_delta": 1.7151236534118652e-05,
  "strict_lift_success": false,
  "stop_reason": "max_steps",
  "total_xy_move": 0.12539589971858311,
  "post_close_lift_delta": 1.7151236534118652e-05,
  "retry_sum": 0,
  "post_close_positive_z_steps": 29
}