{
  "target_color": "blue",
  "instruction": "grasp the blue cylinder",
  "seed": 2,
  "num_steps": 90,
  "target_x": 0.02663687989115715,
  "target_y": 0.24706923961639404,
  "first_close_step": 77,
  "final_xy_error": 0.09060230110283637,
  "xy_error_at_close": 0.08959308107949082,
  "target_z_initial": 0.01002989150583744,
  "target_z_final": 0.009992768056690693,
  "object_lift_delta": -3.712344914674759e-05,
  "strict_lift_success": false,
  "stop_reason": "max_steps",
  "total_xy_move": 0.1604735986353079,
  "post_close_lift_delta": 8.585397154092789e-05,
  "retry_sum": 0,
  "post_close_positive_z_steps": 8
}