{
  "target_color": "green",
  "instruction": "grasp the green cylinder",
  "seed": 0,
  "num_steps": 90,
  "target_x": -0.09180529415607452,
  "target_y": 0.16148748993873596,
  "first_close_step": 19,
  "final_xy_error": 0.004651118553516727,
  "xy_error_at_close": 0.02822514291264813,
  "target_z_initial": 0.00998150184750557,
  "target_z_final": 0.011063450947403908,
  "object_lift_delta": 0.0010819490998983383,
  "strict_lift_success": false,
  "stop_reason": "max_steps",
  "total_xy_move": 0.12423633734366035,
  "post_close_lift_delta": 0.0011093607172369957,
  "retry_sum": 0,
  "post_close_positive_z_steps": 7
}