{
  "target_color": "green",
  "instruction": "grasp the green cylinder",
  "seed": 2,
  "num_steps": 90,
  "target_x": -0.08897067606449127,
  "target_y": 0.18474724888801575,
  "first_close_step": 18,
  "final_xy_error": 0.019877264274767083,
  "xy_error_at_close": 0.01639916141860358,
  "target_z_initial": 0.009977083653211594,
  "target_z_final": 0.009783146902918816,
  "object_lift_delta": -0.00019393675029277802,
  "strict_lift_success": false,
  "stop_reason": "max_steps",
  "total_xy_move": 0.21176093891751255,
  "post_close_lift_delta": -0.00018806662410497665,
  "retry_sum": 0,
  "post_close_positive_z_steps": 56
}