{
  "target_color": "red",
  "instruction": "grasp the red cylinder",
  "seed": 2,
  "num_steps": 90,
  "target_x": 0.012453132309019566,
  "target_y": 0.17350560426712036,
  "first_close_step": 14,
  "final_xy_error": 0.013421066510527511,
  "xy_error_at_close": 0.005679715086766931,
  "target_z_initial": 0.009977083653211594,
  "target_z_final": 0.009364156052470207,
  "object_lift_delta": -0.0006129276007413864,
  "strict_lift_success": false,
  "stop_reason": "max_steps",
  "total_xy_move": 0.09074937040082458,
  "post_close_lift_delta": -0.0006129276007413864,
  "retry_sum": 0,
  "post_close_positive_z_steps": 29
}