{
  "target_color": "red",
  "instruction": "grasp the red cylinder",
  "seed": 0,
  "num_steps": 90,
  "target_x": 0.08255111426115036,
  "target_y": 0.21459722518920898,
  "first_close_step": 24,
  "final_xy_error": 0.022221110620078942,
  "xy_error_at_close": 0.01910879792954528,
  "target_z_initial": 0.009977083653211594,
  "target_z_final": 0.010631208308041096,
  "object_lift_delta": 0.0006541246548295021,
  "strict_lift_success": false,
  "stop_reason": "max_steps",
  "total_xy_move": 0.21364222803149702,
  "post_close_lift_delta": 0.0006541246548295021,
  "retry_sum": 0,
  "post_close_positive_z_steps": 2
}