{
  "target_color": "yellow",
  "instruction": "grasp the yellow cylinder",
  "seed": 1,
  "num_steps": 90,
  "target_x": 0.057685740292072296,
  "target_y": 0.18728753924369812,
  "first_close_step": 19,
  "final_xy_error": 0.019024009223346277,
  "xy_error_at_close": 0.010934732045181871,
  "target_z_initial": 0.009977083653211594,
  "target_z_final": 0.009876304306089878,
  "object_lift_delta": -0.00010077934712171555,
  "strict_lift_success": false,
  "stop_reason": "max_steps",
  "total_xy_move": 0.1302472117895713,
  "post_close_lift_delta": -0.00010077934712171555,
  "retry_sum": 0,
  "post_close_positive_z_steps": 26
}