{
  "target_color": "yellow",
  "instruction": "grasp the yellow cylinder",
  "seed": 2,
  "num_steps": 90,
  "target_x": 0.0628451481461525,
  "target_y": 0.16827243566513062,
  "first_close_step": 18,
  "final_xy_error": 0.01439064101315896,
  "xy_error_at_close": 0.017970619493664523,
  "target_z_initial": 0.009977083653211594,
  "target_z_final": 0.010861774906516075,
  "object_lift_delta": 0.0008846912533044815,
  "strict_lift_success": false,
  "stop_reason": "max_steps",
  "total_xy_move": 0.12406964356022666,
  "post_close_lift_delta": 0.0008846912533044815,
  "retry_sum": 0,
  "post_close_positive_z_steps": 39
}