{
  "target_color": "yellow",
  "instruction": "grasp the yellow cylinder",
  "seed": 0,
  "num_steps": 90,
  "target_x": -0.09945230185985565,
  "target_y": 0.2371663898229599,
  "first_close_step": 28,
  "final_xy_error": 0.03716540830995288,
  "xy_error_at_close": 0.03782123880761933,
  "target_z_initial": 0.009977083653211594,
  "target_z_final": 0.009977083653211594,
  "object_lift_delta": 0.0,
  "strict_lift_success": false,
  "stop_reason": "max_steps",
  "total_xy_move": 0.16957838913165083,
  "post_close_lift_delta": 0.0,
  "retry_sum": 0,
  "post_close_positive_z_steps": 0
}