{
  "target_color": "green",
  "instruction": "grasp the green cylinder",
  "seed": 1,
  "num_steps": 120,
  "target_x": 0.009918737225234509,
  "target_y": 0.16248032450675964,
  "first_close_step": 25,
  "final_xy_error": 0.028415176086769644,
  "xy_error_at_close": 0.01388502483949016,
  "target_z_initial": 0.009977083653211594,
  "target_z_final": 0.009977078065276146,
  "object_lift_delta": -5.587935447692871e-09,
  "strict_lift_success": false,
  "stop_reason": "max_steps",
  "invalid_success_reason": "",
  "max_valid_lift_delta": 0.08,
  "max_final_xy_error_for_success": 0.05,
  "gate_close_by_xy": true,
  "close_xy_threshold": 0.015,
  "total_xy_move": 0.13375170666849656,
  "post_close_lift_delta": -5.587935447692871e-09,
  "retry_sum": 0,
  "post_close_positive_z_steps": 9
}