{
  "target_color": "green",
  "instruction": "grasp the green cylinder",
  "seed": 1,
  "num_steps": 90,
  "target_x": 0.009918737225234509,
  "target_y": 0.16248032450675964,
  "first_close_step": 24,
  "final_xy_error": 0.00980369330695589,
  "xy_error_at_close": 0.0039708836708771305,
  "target_z_initial": 0.009977083653211594,
  "target_z_final": 0.010038207285106182,
  "object_lift_delta": 6.112363189458847e-05,
  "strict_lift_success": false,
  "stop_reason": "max_steps",
  "total_xy_move": 0.05177931818370445,
  "post_close_lift_delta": 6.112363189458847e-05,
  "retry_sum": 0,
  "post_close_positive_z_steps": 56
}