{
  "target_color": "green",
  "instruction": "grasp the green cylinder",
  "seed": 0,
  "num_steps": 90,
  "target_x": -0.09180529415607452,
  "target_y": 0.16148748993873596,
  "first_close_step": null,
  "final_xy_error": 0.04410706588560407,
  "xy_error_at_close": null,
  "target_z_initial": 0.00998150184750557,
  "target_z_final": 0.010556803084909916,
  "object_lift_delta": 0.0005753012374043465,
  "strict_lift_success": false,
  "stop_reason": "max_steps",
  "total_xy_move": 0.17057992236200029,
  "post_close_lift_delta": null,
  "retry_sum": 0,
  "post_close_positive_z_steps": 0
}