{
  "target_color": "red",
  "instruction": "grasp the red cylinder",
  "seed": 2,
  "num_steps": 90,
  "target_x": 0.012453132309019566,
  "target_y": 0.17350560426712036,
  "first_close_step": 27,
  "final_xy_error": 0.009526055283539666,
  "xy_error_at_close": 0.00417222755614438,
  "target_z_initial": 0.009977083653211594,
  "target_z_final": 0.009986474178731441,
  "object_lift_delta": 9.39052551984787e-06,
  "strict_lift_success": false,
  "stop_reason": "max_steps",
  "total_xy_move": 0.05695656337251399,
  "post_close_lift_delta": 9.39052551984787e-06,
  "retry_sum": 0,
  "post_close_positive_z_steps": 42
}