{
  "target_color": "yellow",
  "instruction": "grasp the yellow cylinder",
  "seed": 1,
  "num_steps": 90,
  "target_x": 0.057685740292072296,
  "target_y": 0.18728753924369812,
  "first_close_step": 26,
  "final_xy_error": 0.010612508422922018,
  "xy_error_at_close": 0.00902411631464644,
  "target_z_initial": 0.009977083653211594,
  "target_z_final": 0.009981411509215832,
  "object_lift_delta": 4.327856004238129e-06,
  "strict_lift_success": false,
  "stop_reason": "max_steps",
  "total_xy_move": 0.09817456609914858,
  "post_close_lift_delta": 4.327856004238129e-06,
  "retry_sum": 0,
  "post_close_positive_z_steps": 23
}