{
  "target_color": "green",
  "instruction": "grasp the green cylinder",
  "seed": 0,
  "num_steps": 120,
  "target_x": -0.09180529415607452,
  "target_y": 0.16148748993873596,
  "first_close_step": 51,
  "final_xy_error": 0.02322301282480865,
  "xy_error_at_close": 0.01377898434309894,
  "target_z_initial": 0.00998150184750557,
  "target_z_final": 0.009776192717254162,
  "object_lift_delta": -0.00020530913025140762,
  "strict_lift_success": false,
  "stop_reason": "max_steps",
  "invalid_success_reason": "",
  "max_valid_lift_delta": 0.08,
  "max_final_xy_error_for_success": 0.05,
  "gate_close_by_xy": true,
  "close_xy_threshold": 0.017,
  "total_xy_move": 0.2559817244961759,
  "post_close_lift_delta": -0.0002008909359574318,
  "retry_sum": 0,
  "post_close_positive_z_steps": 38
}