{
  "target_color": "green",
  "instruction": "grasp the green cylinder",
  "seed": 2,
  "num_steps": 120,
  "target_x": -0.08897067606449127,
  "target_y": 0.18474724888801575,
  "first_close_step": 47,
  "final_xy_error": 0.012513555707462631,
  "xy_error_at_close": 0.014105267567491494,
  "target_z_initial": 0.009977083653211594,
  "target_z_final": 0.010636726394295692,
  "object_lift_delta": 0.0006596427410840988,
  "strict_lift_success": false,
  "stop_reason": "max_steps",
  "invalid_success_reason": "",
  "max_valid_lift_delta": 0.08,
  "max_final_xy_error_for_success": 0.05,
  "gate_close_by_xy": true,
  "close_xy_threshold": 0.015,
  "total_xy_move": 0.2319524544445007,
  "post_close_lift_delta": 0.0006596427410840988,
  "retry_sum": 0,
  "post_close_positive_z_steps": 40
}