{
  "target_color": "red",
  "instruction": "grasp the red cylinder",
  "seed": 0,
  "num_steps": 90,
  "target_x": 0.08255111426115036,
  "target_y": 0.21459722518920898,
  "first_close_step": 26,
  "final_xy_error": 0.04666724889362077,
  "xy_error_at_close": 0.0219327405280301,
  "target_z_initial": 0.009977083653211594,
  "target_z_final": 0.009977081790566444,
  "object_lift_delta": -1.862645149230957e-09,
  "strict_lift_success": false,
  "stop_reason": "max_steps",
  "total_xy_move": 0.11733318564797451,
  "post_close_lift_delta": -1.862645149230957e-09,
  "retry_sum": 0,
  "post_close_positive_z_steps": 0
}