{
  "target_color": "green",
  "instruction": "grasp the green cylinder",
  "seed": 0,
  "num_steps": 120,
  "target_x": -0.09180529415607452,
  "target_y": 0.16148748993873596,
  "first_close_step": 40,
  "final_xy_error": 0.020543875406824987,
  "xy_error_at_close": 0.014843833016600173,
  "target_z_initial": 0.00998150184750557,
  "target_z_final": 0.010698179714381695,
  "object_lift_delta": 0.0007166778668761253,
  "strict_lift_success": false,
  "stop_reason": "max_steps",
  "invalid_success_reason": "",
  "max_valid_lift_delta": 0.08,
  "max_final_xy_error_for_success": 0.05,
  "gate_close_by_xy": true,
  "close_xy_threshold": 0.018,
  "total_xy_move": 0.2037407825482923,
  "post_close_lift_delta": 0.0007492303848266602,
  "retry_sum": 0,
  "post_close_positive_z_steps": 47
}