{
  "target_color": "red",
  "instruction": "grasp the red cylinder",
  "seed": 2,
  "num_steps": 120,
  "target_x": 0.012453132309019566,
  "target_y": 0.17350560426712036,
  "first_close_step": 18,
  "final_xy_error": 0.0063102703466583815,
  "xy_error_at_close": 0.00987059560947039,
  "target_z_initial": 0.009977083653211594,
  "target_z_final": 0.011136309243738651,
  "object_lift_delta": 0.0011592255905270576,
  "strict_lift_success": false,
  "stop_reason": "max_steps",
  "invalid_success_reason": "",
  "max_valid_lift_delta": 0.08,
  "max_final_xy_error_for_success": 0.05,
  "gate_close_by_xy": true,
  "close_xy_threshold": 0.018,
  "total_xy_move": 0.11612039152663826,
  "post_close_lift_delta": 0.0011592255905270576,
  "retry_sum": 0,
  "post_close_positive_z_steps": 57
}