{
  "target_color": "yellow",
  "instruction": "grasp the yellow cylinder",
  "seed": 2,
  "num_steps": 120,
  "target_x": 0.0628451481461525,
  "target_y": 0.16827243566513062,
  "first_close_step": 24,
  "final_xy_error": 0.01449182589076315,
  "xy_error_at_close": 0.017355316308339825,
  "target_z_initial": 0.009977083653211594,
  "target_z_final": 0.010410311631858349,
  "object_lift_delta": 0.0004332279786467552,
  "strict_lift_success": false,
  "stop_reason": "max_steps",
  "invalid_success_reason": "",
  "max_valid_lift_delta": 0.08,
  "max_final_xy_error_for_success": 0.05,
  "gate_close_by_xy": true,
  "close_xy_threshold": 0.018,
  "total_xy_move": 0.24392499211270724,
  "post_close_lift_delta": 0.0004332279786467552,
  "retry_sum": 0,
  "post_close_positive_z_steps": 14
}