{
  "target_color": "yellow",
  "instruction": "grasp the yellow cylinder",
  "seed": 1,
  "num_steps": 103,
  "target_x": 0.057685740292072296,
  "target_y": 0.18728753924369812,
  "first_close_step": 22,
  "final_xy_error": 0.04048482824974898,
  "xy_error_at_close": 0.011774091405292328,
  "target_z_initial": 0.009977083653211594,
  "target_z_final": 0.02105880342423916,
  "object_lift_delta": 0.011081719771027565,
  "strict_lift_success": true,
  "stop_reason": "lift_success",
  "invalid_success_reason": "",
  "max_valid_lift_delta": 0.08,
  "max_final_xy_error_for_success": 0.05,
  "gate_close_by_xy": true,
  "close_xy_threshold": 0.018,
  "total_xy_move": 0.13772186761135377,
  "post_close_lift_delta": 0.011081719771027565,
  "retry_sum": 0,
  "post_close_positive_z_steps": 69
}