{
  "target_color": "green",
  "instruction": "grasp the green cylinder",
  "seed": 0,
  "num_steps": 90,
  "target_x": -0.09180529415607452,
  "target_y": 0.16148748993873596,
  "first_close_step": 19,
  "final_xy_error": 0.02430197445446549,
  "xy_error_at_close": 0.028746286104535963,
  "target_z_initial": 0.00998150184750557,
  "target_z_final": 0.010369084775447845,
  "object_lift_delta": 0.000387582927942276,
  "strict_lift_success": false,
  "stop_reason": "max_steps",
  "invalid_success_reason": "",
  "max_valid_lift_delta": 0.08,
  "max_final_xy_error_for_success": 0.05,
  "gate_close_by_xy": false,
  "close_xy_threshold": 0.015,
  "total_xy_move": 0.16344016518964077,
  "post_close_lift_delta": 0.0003920001909136772,
  "retry_sum": 0,
  "post_close_positive_z_steps": 36
}