{
  "target_color": "green",
  "instruction": "grasp the green cylinder",
  "seed": 2,
  "num_steps": 74,
  "target_x": -0.08897067606449127,
  "target_y": 0.18474724888801575,
  "first_close_step": 26,
  "final_xy_error": 0.4509214344390113,
  "xy_error_at_close": 0.0153762477476829,
  "target_z_initial": 0.009977083653211594,
  "target_z_final": 0.496553897857666,
  "object_lift_delta": 0.4865768142044544,
  "strict_lift_success": true,
  "stop_reason": "lift_success",
  "total_xy_move": 0.34599334196502185,
  "post_close_lift_delta": 0.486609460785985,
  "retry_sum": 0,
  "post_close_positive_z_steps": 26
}