{
  "target_color": "red",
  "instruction": "grasp the red cylinder",
  "seed": 2,
  "num_steps": 90,
  "target_x": 0.012453132309019566,
  "target_y": 0.17350560426712036,
  "first_close_step": 18,
  "final_xy_error": 0.012535560537610338,
  "xy_error_at_close": 0.00987059560947039,
  "target_z_initial": 0.009977083653211594,
  "target_z_final": 0.01029839739203453,
  "object_lift_delta": 0.000321313738822937,
  "strict_lift_success": false,
  "stop_reason": "max_steps",
  "total_xy_move": 0.0977940693573547,
  "post_close_lift_delta": 0.000321313738822937,
  "retry_sum": 0,
  "post_close_positive_z_steps": 41
}