{
  "target_color": "yellow",
  "instruction": "grasp the yellow cylinder",
  "seed": 1,
  "num_steps": 90,
  "target_x": 0.057685740292072296,
  "target_y": 0.18728753924369812,
  "first_close_step": 22,
  "final_xy_error": 0.030692318186137213,
  "xy_error_at_close": 0.011774091405292328,
  "target_z_initial": 0.009977083653211594,
  "target_z_final": 0.015044541098177433,
  "object_lift_delta": 0.005067457444965839,
  "strict_lift_success": false,
  "stop_reason": "max_steps",
  "total_xy_move": 0.13335220683950758,
  "post_close_lift_delta": 0.005067457444965839,
  "retry_sum": 0,
  "post_close_positive_z_steps": 56
}